MAE,RMSE,SFN,MAPE
382.90621977062017,518.2871036771211,4.89465856552124,0.8355698329956385
